Nodo,CODIGO COMPLETO,Poblacion total,Poblacion de 0 a 14 anos,Poblacion de 60 anos y mas,Poblacion femenina de 15 a 49 anos,Poblacion con discapacidad,Poblacion no vulnerable,Columna1,Longitud,Latitud,Demanda
1,1903600010135001,4,0,0,0,0,4,"-100.120075853908332, 23.423338216343620",-100.120075853908,23.4233382163436,1
2,1903600010101018,3,0,0,0,0,3,"-100.114082586446855, 23.426460859348921",-100.114082586446,23.4264608593489,1
3,1903600010101019,12,3,0,5,0,4,"-100.119584180045919, 23.426722689051278",-100.119584180045,23.4267226890512,3
4,1903600010101020,5,0,0,0,0,5,"-100.118661500142622, 23.426466733089448",-100.118661500142,23.4264667330894,1
5,1903600010101021,6,0,0,0,0,6,"-100.117717362568413, 23.426368288356436",-100.117717362568,23.4263682883564,2
6,1903600010101022,9,0,0,0,0,9,"-100.116859055686845, 23.426191087652825",-100.116859055686,23.4261910876528,2
7,1903600010101023,7,0,0,0,0,7,"-100.119670010729592, 23.425757929377998",-100.119670010729,23.4257579293779,2
8,1903600010101024,18,5,5,3,0,5,"-100.118876076860772, 23.425718551282358",-100.11887607686,23.4257185512823,4
9,1903600010101025,16,0,5,5,0,6,"-100.117910481615638, 23.425541349708102",-100.117910481615,23.4255413497081,4
10,1903600010101026,11,0,0,0,0,11,"-100.117030717063159, 23.425344458791812",-100.117030717063,23.4253444587918,3
11,1903600010101027,8,0,0,0,0,8,"-100.119812423068041, 23.425130973930905",-100.119812423068,23.4251309739309,2
12,1903600010101028,0,0,0,0,0,0,"-100.118911200835669, 23.424855325709974",-100.118911200835,23.4248553257099,0
13,1903600010101029,22,6,4,3,0,9,"-100.117988520941367, 23.424638744562671",-100.117988520941,23.4246387445626,5
14,1903600010101030,11,5,0,0,0,6,"-100.117130214050817, 23.424481230777538",-100.11713021405,23.4244812307775,3
15,1903600010101031,8,0,0,0,0,8,"-100.119925203479724, 23.424262505032441",-100.119925203479,23.4242625050324,2
16,1903600010101032,9,0,0,0,0,9,"-100.119045438918263, 23.424085301507144",-100.119045438918,23.4240853015071,2
17,1903600010101033,24,7,5,5,0,7,"-100.118122759023947, 23.423789961770680",-100.118122759023,23.4237899617706,5
18,1903600010101034,16,5,3,4,0,4,"-100.117178621449739, 23.423632446974612",-100.117178621449,23.4236324469746,4
19,1903600010101035,0,0,0,0,0,0,"-100.118202459496317, 23.430575783798901",-100.118202459496,23.4305757837989,0
20,1903600010101036,8,3,0,0,0,5,"-100.117215406580272, 23.429630740708241",-100.11721540658,23.4296307407082,2
21,1903600010101037,27,12,0,7,0,8,"-100.116571676416854, 23.429473232869459",-100.116571676416,23.4294732328694,6
22,1903600010101038,0,0,0,0,0,0,"-100.115541708150005, 23.429296036326839",-100.11554170815,23.4292960363268,0
23,1903600010101042,0,0,0,0,0,0,"-100.121592771689734, 23.427976899044701",-100.121592771689,23.4279768990447,0
25,1903600010101044,20,3,6,4,0,7,"-100.116550218736947, 23.428744756675041",-100.116550218736,23.428744756675,4
26,1903600010101045,0,0,0,0,0,0,"-100.115498792808168, 23.428469115988005",-100.115498792808,23.428469115988,0
27,1903600010101047,0,0,0,0,0,0,"-100.118760358967094, 23.431048302811032",-100.118760358967,23.431048302811,0
28,1903600010101050,7,0,0,0,0,7,"-100.119232427754213, 23.428410050051617",-100.119232427754,23.4284100500516,2
29,1903600010101051,0,0,0,0,0,0,"-100.113159906543558, 23.426244280830282",-100.113159906543,23.4262442808302,0
30,1903600010101053,8,0,0,3,0,5,"-100.120691549457348, 23.427976899044701",-100.120691549457,23.4279768990447,2
31,1903600010101054,0,0,0,0,0,0,"-100.119447004472335, 23.427642190477563",-100.119447004472,23.4276421904775,0
32,1903600010101056,0,0,0,0,0,0,"-100.121654526320043, 23.427190737260961",-100.12165452632,23.4271907372609,0
33,1903600010101057,21,9,0,4,0,8,"-100.120219480670244, 23.428449427344930",-100.12021948067,23.4284494273449,5
35,1903600010116001,5,0,0,0,0,5,"-100.121536828207084, 23.426210776631361",-100.121536828207,23.4262107766313,1
36,1903600010116002,11,3,5,0,0,3,"-100.120635605974712, 23.426072953718514",-100.120635605974,23.4260729537185,3
37,1903600010116003,0,0,0,0,0,0,"-100.118974935694226, 23.429945755822096",-100.118974935694,23.429945755822,0
38,1903600010116004,5,0,0,0,0,5,"-100.121657782865640, 23.425426310672584",-100.121657782865,23.4254263106725,1
39,1903600010116005,0,0,0,0,0,0,"-100.120713645300427, 23.425229419585030",-100.1207136453,23.425229419585,0
40,1903600010116006,8,0,0,5,0,3,"-100.122693243180635, 23.424853181735262",-100.12269324318,23.4248531817352,2
41,1903600010116007,3,0,0,0,0,3,"-100.121792020957244, 23.424636600583611",-100.121792020957,23.4246366005836,1
42,1903600010116008,4,0,0,0,0,4,"-100.120804968032203, 23.424360951333071",-100.120804968032,23.424360951333,1
43,1903600010116009,18,3,5,4,0,6,"-100.122779520596495, 23.423928897174658",-100.122779520596,23.4239288971746,4
44,1903600010116010,8,0,6,0,0,2,"-100.121921213714927, 23.423672935805378",-100.121921213714,23.4236729358053,2
45,1903600010116011,12,0,0,0,0,12,"-100.120998533811616, 23.423515420869936",-100.120998533811,23.4235154208699,3
46,1903600010116012,17,4,3,4,0,6,"-100.122951181972795, 23.423042874938812",-100.122951181972,23.4230428749388,4
47,1903600010116013,6,0,0,0,0,6,"-100.122071417411348, 23.422786911854754",-100.122071417411,23.4227869118547,2
48,1903600010116014,18,0,9,3,0,6,"-100.121148737517018, 23.422629395864057",-100.121148737517,23.422629395864,4
49,1903600010116015,0,0,0,0,0,0,"-100.123079928007272, 23.422176536346360",-100.123079928007,23.4221765363463,0
50,1903600010116016,8,0,0,3,0,5,"-100.122178705774914, 23.422019019629570",-100.122178705774,23.4220190196295,2
51,1903600010116017,19,4,4,7,3,1,"-100.121234568200705, 23.421841813098318",-100.1212345682,23.4218418130983,4
52,1903600010116018,0,0,0,0,0,0,"-100.123165758690945, 23.421290502371136",-100.12316575869,23.4212905023711,0
53,1903600010116019,18,7,4,3,0,4,"-100.122307451809377, 23.421152674330688",-100.122307451809,23.4211526743306,4
54,1903600010116020,10,3,0,0,0,7,"-100.121363314235182, 23.420995156393747",-100.121363314235,23.4209951563937,2
55,1903600010116021,10,5,0,0,0,5,"-100.123315962396347, 23.420463531972544",-100.123315962396,23.4204635319725,2
56,1903600010116022,9,0,0,0,0,9,"-100.122393282493036, 23.420286323357317",-100.122393282493,23.4202863233573,2
57,1903600010116023,2,0,0,0,0,2,"-100.121534975611482, 23.420128804388657",-100.121534975611,23.4201288043886,1
58,1903600010116024,0,0,0,0,0,0,"-100.121663721645973, 23.419163996614511",-100.121663721645,23.4191639966145,0
59,1903600010116025,0,0,0,0,0,0,"-100.121749552329618, 23.418238562136970",-100.121749552329,23.4182385621369,0
60,1903600010116028,14,5,0,4,0,5,"-100.123573007742095, 23.424872870912978",-100.123573007742,23.4248728709129,3
62,1903600010116030,12,4,0,4,0,4,"-100.123852404205181, 23.423141322147298",-100.123852404205,23.4231413221472,3
63,1903600010116031,1,0,0,0,0,1,"-100.123981150230676, 23.422334052876391",-100.12398115023,23.4223340528763,1
64,1903600010116032,2,0,0,0,0,2,"-100.124066980923317, 23.421546468351981",-100.124066980923,23.4215464683519,1
65,1903600010116035,0,0,0,0,0,0,"-100.123444708430824, 23.419577486522364",-100.12344470843,23.4195774865223,0
66,1903600010116036,12,3,0,4,0,5,"-100.122522028527513, 23.419419966709594",-100.122522028527,23.4194199667095,3
67,1903600010116037,5,0,0,0,0,5,"-100.121856840693184, 23.417332811486332",-100.121856840693,23.4173328114863,1
68,1903600010116038,0,0,0,0,0,0,"-100.122114332762152, 23.416427054634372",-100.122114332762,23.4164270546343,0
70,1903600010120001,18,3,5,0,0,10,"-100.115957833454473, 23.426013886711779",-100.115957833454,23.4260138867117,4
71,1903600010120002,6,0,0,0,0,6,"-100.115056611231083, 23.425876063593737",-100.115056611231,23.4258760635937,2
72,1903600010120003,1,0,0,0,0,1,"-100.113726235553429, 23.425600416925885",-100.113726235553,23.4256004169258,1
73,1903600010120004,5,0,0,0,0,5,"-100.116086579488950, 23.425186945847233",-100.116086579488,23.4251869458472,1
74,1903600010120005,0,0,0,0,0,0,"-100.115142441914742, 23.424990054403292",-100.115142441914,23.4249900544032,0
75,1903600010120006,3,0,0,0,0,3,"-100.114026642964220, 23.424734095087029",-100.114026642964,23.424734095087,1
76,1903600010120007,3,0,0,0,0,3,"-100.111022568865280, 23.424635649065007",-100.111022568865,23.424635649065,1
77,1903600010120008,4,0,0,0,0,4,"-100.116207534156501, 23.424284338282906",-100.116207534156,23.4242843382829,1
78,1903600010120009,0,0,0,0,0,0,"-100.115306311924115, 23.424166202645253",-100.115306311924,23.4241662026452,0
79,1903600010120010,2,0,0,0,0,2,"-100.114190512973593, 23.423969309680789",-100.114190512973,23.4239693096807,1
80,1903600010120012,0,0,0,0,0,0,"-100.112881594975846, 23.423772416424018",-100.112881594975,23.423772416424,0
81,1903600010120013,0,0,0,0,0,0,"-100.111473179981459, 23.424064660688629",-100.111473179981,23.4240646606886,0
82,1903600010120014,6,0,0,0,0,6,"-100.111765796025310, 23.423536144128622",-100.111765796025,23.4235361441286,2
83,1903600010120015,10,3,4,0,0,3,"-100.116306967336797, 23.423446787085563",-100.116306967336,23.4234467870855,2
84,1903600010120016,2,0,0,0,0,2,"-100.115446042063823, 23.423354651632092",-100.115446042063,23.423354651632,1
85,1903600010120017,0,0,0,0,0,0,"-100.114609192853166, 23.423157757459411",-100.114609192853,23.4231577574594,0
86,1903600010120018,0,0,0,0,0,0,"-100.112173491790685, 23.422768256253470",-100.11217349179,23.4227682562534,0
87,1903600010120019,20,5,6,5,0,4,"-100.116385134304139, 23.422629395864057",-100.116385134304,23.422629395864,4
88,1903600010120020,9,0,0,0,0,9,"-100.115548285093482, 23.422511258748134",-100.115548285093,23.4225112587481,2
89,1903600010120021,1,0,0,0,0,1,"-100.114775808895587, 23.422334052876391",-100.114775808895,23.4223340528763,1
90,1903600010120022,26,10,7,4,3,2,"-100.116535338009527, 23.421743364922548",-100.116535338009,23.4217433649225,6
91,1903600010120023,5,0,0,0,0,5,"-100.115634115777141, 23.421625227015202",-100.115634115777,23.4216252270152,1
92,1903600010120024,5,0,0,0,0,5,"-100.114754351224676, 23.421428330268764",-100.114754351224,23.4214283302687,1
93,1903600010120025,10,0,0,0,0,10,"-100.116706999385855, 23.420975466638737",-100.116706999385,23.4209754666387,2
94,1903600010120026,6,0,0,0,0,6,"-100.115762861811618, 23.420699809756865",-100.115762861811,23.4206998097568,2
95,1903600010120027,9,0,0,0,0,9,"-100.114861639588241, 23.420601360731901",-100.114861639588,23.4206013607319,2
96,1903600010120028,20,8,0,5,0,7,"-100.116771372398603, 23.420069734727150",-100.116771372398,23.4200697347271,4
97,1903600010120029,2,0,0,0,0,2,"-100.115805777153469, 23.419853145743165",-100.115805777153,23.4198531457431,1
98,1903600010120030,12,0,0,0,0,12,"-100.115076216306392, 23.419754696087217",-100.115076216306,23.4197546960872,3
99,1903600010120031,16,0,0,0,0,16,"-100.116921576103991, 23.419223066680480",-100.116921576103,23.4192230666804,4
100,1903600010120032,4,0,0,0,0,4,"-100.116041811551511, 23.418986786258323",-100.116041811551,23.4189867862583,1
101,1903600010120033,0,0,0,0,0,0,"-100.117071779809379, 23.418376393214658",-100.117071779809,23.4183763932146,0
102,1903600010120034,12,0,0,0,0,12,"-100.118144663418079, 23.416761791584221",-100.118144663418,23.4167617915842,3
103,1903600010120035,16,5,0,5,0,6,"-100.117157610502019, 23.417411572658398",-100.117157610502,23.4174115726583,4
104,1903600010120036,23,11,0,5,0,7,"-100.116149099915077, 23.418081040730655",-100.116149099915,23.4180810407306,5
105,1903600010120037,0,0,0,0,0,0,"-100.111057692840177, 23.422453224040051",-100.11105769284,23.42245322404,0
106,1903600010120038,0,0,0,0,0,0,"-100.113267833070296, 23.422335086766768",-100.11326783307,23.4223350867667,0
107,1903600010120040,0,0,0,0,0,0,"-100.115226420011780, 23.418868645888988",-100.115226420011,23.4188686458889,0
108,1903600010120041,15,9,0,5,0,1,"-100.115505369751645, 23.417825068043914",-100.115505369751,23.4178250680439,3
109,1903600010120042,0,0,0,0,0,0,"-100.119196089355853, 23.416013554878468",-100.119196089355,23.4160135548784,0
110,1903600010120043,4,0,0,0,0,4,"-100.118251951781644, 23.415895411853914",-100.118251951781,23.4158954118539,1
112,1903600010101017,0,0,0,0,0,0,"-100.114962351008316, 23.426638059691015",-100.114962351008,23.426638059691,0
113,1903600010135002,0,0,0,0,0,0,"-100.119174631675961, 23.423200390437056",-100.119174631675,23.423200390437,0
114,1903600010135003,11,0,0,0,0,11,"-100.118294867123481, 23.423003496034724",-100.118294867123,23.4230034960347,3
115,1903600010135004,15,3,4,3,0,5,"-100.117307814207422, 23.422806601340103",-100.117307814207,23.4228066013401,3
116,1903600010135005,8,0,4,0,0,4,"-100.120183142271884, 23.422511258748134",-100.120183142271,23.4225112587481,2
117,1903600010135006,27,3,7,7,0,10,"-100.119324835381349, 23.422334052876391",-100.119324835381,23.4223340528763,6
118,1903600010135007,14,3,3,3,0,5,"-100.118380697807140, 23.422176536346360",-100.118380697807,23.4221765363463,3
119,1903600010135008,21,5,9,4,3,0,"-100.117479475583750, 23.421959950812195",-100.117479475583,23.4219599508121,5
120,1903600010135009,11,0,4,3,4,0,"-100.120354803648198, 23.421625227015202",-100.120354803648,23.4216252270152,3
121,1903600010135010,29,8,7,7,3,4,"-100.119410666074003, 23.421467709641014",-100.119410666074,23.421467709641,6
122,1903600010135011,11,3,0,0,0,8,"-100.118487986170706, 23.421310192080067",-100.11848798617,23.42131019208,3
124,1903600010135013,3,0,0,0,0,3,"-100.120419176660960, 23.420758879137004",-100.12041917666,23.420758879137,1
125,1903600010135014,0,0,0,0,0,0,"-100.119582327450303, 23.420542291281432",-100.11958232745,23.4205422912814,0
126,1903600010135015,2,0,0,0,0,2,"-100.118616732205183, 23.420443842138390",-100.118616732205,23.4204438421383,1
127,1903600010135016,0,0,0,0,0,0,"-100.117736967643722, 23.420227253766154",-100.117736967643,23.4202272537661,0
128,1903600010135017,10,0,0,0,0,10,"-100.120526465024525, 23.419892525584359",-100.120526465024,23.4198925255843,2
129,1903600010135018,8,0,0,0,0,8,"-100.119603785121228, 23.419675936310192",-100.119603785121,23.4196759363101,2
130,1903600010135019,9,0,0,0,0,9,"-100.118681105217931, 23.419518416614657",-100.118681105217,23.4195184166146,2
131,1903600010135020,11,0,0,0,0,11,"-100.117801340665451, 23.419321516732079",-100.117801340665,23.419321516732,3
132,1903600010135021,5,0,0,0,0,5,"-100.120698126400839, 23.418986786258323",-100.1206981264,23.4189867862583,1
133,1903600010135022,1,0,0,0,0,1,"-100.119775446497542, 23.418829265742158",-100.119775446497,23.4188292657421,1
134,1903600010135023,0,0,0,0,0,0,"-100.118852766594230, 23.418671745039227",-100.118852766594,23.4186717450392,0
135,1903600010135024,16,3,0,5,0,8,"-100.117951544370854, 23.418474843895570",-100.11795154437,23.4184748438955,4
136,1903600010135025,0,0,0,0,0,0,"-100.120783957084498, 23.418061350541066",-100.120783957084,23.418061350541,0
137,1903600010135026,6,0,0,0,0,6,"-100.119925650202930, 23.417923519135950",-100.119925650202,23.4179235191359,2
138,1903600010135027,0,0,0,0,0,0,"-100.118960054957810, 23.417765997353680",-100.118960054957,23.4177659973536,0
139,1903600010135028,0,0,0,0,0,0,"-100.118037375054513, 23.417608475384661",-100.118037375054,23.4176084753846,0
140,1903600010135029,0,0,0,0,0,0,"-100.121105822166200, 23.416249840611872",-100.121105822166,23.4162498406118,0
141,1903600010135030,0,0,0,0,0,0,"-100.120741041742662, 23.417096527687953",-100.120741041742,23.4170965276879,0
142,1903600010135031,0,0,0,0,0,0,"-100.118960054957810, 23.416761791584221",-100.118960054957,23.4167617915842,0
143,1903600010135033,0,0,0,0,0,0,"-100.120140226921080, 23.416092316836767",-100.120140226921,23.4160923168367,0
145,1903600010417001,2,0,0,0,0,2,"-100.116314184347900, 23.430693913710254",-100.116314184347,23.4306939137102,1
146,1903600010417002,0,0,0,0,0,0,"-100.115262758410140, 23.431205808772575",-100.11526275841,23.4312058087725,0
147,1903600010417003,0,0,0,0,0,0,"-100.114597570575796, 23.430024509483065",-100.114597570575,23.430024509483,0
148,1903600010417004,0,0,0,0,0,0,"-100.115284216090018, 23.430516718803638",-100.11528421609,23.4305167188036,0
150,1903600010421001,2,0,0,0,0,2,"-100.116872083818677, 23.431501131945719",-100.116872083818,23.4315011319457,1
151,1903600010421002,0,0,0,0,0,0,"-100.116035234608034, 23.431422379164310",-100.116035234608,23.4314223791643,0
152,1903600010421003,0,0,0,0,0,0,"-100.117022287524065, 23.430871108379399",-100.117022287524,23.4308711083793,0
154,1903600010436001,0,0,0,0,0,0,"-100.122715147574766, 23.418396083356523",-100.122715147574,23.4183960833565,0
155,1903600010436002,0,0,0,0,0,0,"-100.122886808960061, 23.416958695277600",-100.12288680896,23.4169586952776,0
157,1903600010440001,4,0,0,0,0,4,"-100.117022287524065, 23.432367409448048",-100.117022287524,23.432367409448,1
158,1903600010440002,5,0,0,0,0,5,"-100.115906488573543, 23.432229592952694",-100.115906488573,23.4322295929526,1
159,1903600010440003,0,0,0,0,0,0,"-100.115112554713704, 23.432150840604429",-100.115112554713,23.4321508406044,0
161,1903600010455001,0,0,0,0,0,0,"-100.124646338065006, 23.423239769281679",-100.124646338065,23.4232397692816,0
162,1903600010455002,0,0,0,0,0,0,"-100.124753626428571, 23.422432500612505",-100.124753626428,23.4224325006125,0
163,1903600010455003,3,0,0,0,0,3,"-100.125569017968303, 23.421703985631542",-100.125569017968,23.4217039856315,1
164,1903600010455004,0,0,0,0,0,0,"-100.124753626428571, 23.421625227015202",-100.124753626428,23.4216252270152,0
165,1903600010455005,6,0,0,0,0,6,"-100.125719221673691, 23.420857328045550",-100.125719221673,23.4208573280455,2
166,1903600010455006,2,0,0,0,0,2,"-100.124903830133960, 23.420758879137004",-100.124903830133,23.420758879137,1
167,1903600010455007,4,0,0,0,0,4,"-100.124217184628705, 23.420660430155994",-100.124217184628,23.4206604301559,1
168,1903600010455008,4,0,0,0,0,4,"-100.126041086755421, 23.419892525584359",-100.126041086755,23.4198925255843,1
169,1903600010455009,0,0,0,0,0,0,"-100.125096949181213, 23.419912215501384",-100.125096949181,23.4199122155013,0
170,1903600010455010,0,0,0,0,0,0,"-100.124367388334122, 23.419656246357999",-100.124367388334,23.4196562463579,0
171,1903600010455011,0,0,0,0,0,0,"-100.126513155542497, 23.418967096204380",-100.126513155542,23.4189670962043,0
172,1903600010455012,0,0,0,0,0,0,"-100.125418814262900, 23.418789885584410",-100.125418814262,23.4187898855844,0
173,1903600010455013,0,0,0,0,0,0,"-100.124560507381346, 23.418711125232139",-100.124560507381,23.4187111252321,0
174,1903600010455014,0,0,0,0,0,0,"-100.123573454465316, 23.418553604388539",-100.123573454465,23.4185536043885,0
